"","Year","CO2"
"1","1976",330.795
"2","1977",333.484166666667
"3","1978",335.279166666667
"4","1979",336.909166666667
"5","1980",339.530833333333
